id,thread_id,timestamp,unix_timestamp,link,body,author,author_fullname,author_id,source,language_guess,possibly_sensitive,retweet_count,reply_count,like_count,quote_count,impression_count,is_retweet,retweeted_user,is_quote_tweet,quoted_user,is_reply,replied_user,hashtags,urls,images,videos,mentions,long_lat,place_name,location
1928005624039903607,1928005624039903607,2025-5-29 10:28:56,1748507336000,https://twitter.com/undefined/status/2019,"RT @desdelamoncloa: üî¥EN DIRECTO    Intervenci√≥n del presidente @sanchezcastejon con motivo del 5¬∫ aniversario de la puesta en marcha del Ingr‚Ä¶","undefined","undefined",68740712,,es,no,79,0,0,0,,no,,no,,no,,,,,,desdelamoncloa;sanchezcastejon,,,
1928001754123153467,1928001754123153467,2025-5-29 10:13:33,1748506413000,https://twitter.com/undefined/status/2020,"Hoy nos deja el exministro Juan Manuel Eguiagaray.    Fue un pol√≠tico solvente‚Äö serio y conciliador.     Un hombre de Estado que dedic√≥ su vida al servicio p√∫blico y uno de los art√≠fices de la Espa√±a plural y diversa que hoy disfrutamos.    Un cari√±oso abrazo a su familia y amigos.","undefined","undefined",68740712,,es,no,133,340,467,24,29386,no,,no,,no,,,,,,,,,
1927714692752977994,1927714692752977994,2025-5-28 15:12:52,1748437972000,https://twitter.com/undefined/status/2021,"Un placer reunirme con mi compa√±era y amiga @Teresaribera para seguir impulsando la agenda verde europea.    Tecnolog√≠as limpias‚Äö descarbonizaci√≥n y reindustrializaci√≥n ser√°n claves para la seguridad y el futuro econ√≥mico de la UE.    Europa debe llegar fuerte a la COP30. https://t.co/Xk0HI0PwFC","undefined","undefined",68740712,,es,no,583,1562,2168,103,101400,no,,no,,no,,,,https://pbs.twimg.com/media/GsCeS9sWUAAJDsr.jpg,,Teresaribera,,,
1927694975841562992,1927694975841562992,2025-5-28 13:54:31,1748433271000,https://twitter.com/undefined/status/2022,"El drama vivido en El Hierro deber√≠a conmovernos a todos. Vidas perdidas en un intento desesperado de encontrar un futuro mejor.    Debemos estar a la altura. Es una cuesti√≥n de humanidad.    Mi solidaridad y cari√±o para las v√≠ctimas y sus familias y todo mi apoyo a quienes trabajan","undefined","undefined",68740712,,es,no,1080,2114,5261,175,418376,no,,no,,no,,,,,,,,,
1927680322004472151,1927680322004472151,2025-5-28 12:56:17,1748429777000,https://twitter.com/undefined/status/2023,"Acabo de mantener una fruct√≠fera reuni√≥n de trabajo con @vonderleyen. Hemos hablado de la guerra comercial‚Äö de la necesidad de aumentar las interconexiones el√©ctricas entre la Pen√≠nsula Ib√©rica y el resto Europa y de la importancia de desplegar una pol√≠tica de vivienda ambiciosa https://t.co/QYCHKlugQl","undefined","undefined",68740712,,es,no,947,1590,3643,168,276077,no,,no,,no,,,,https://pbs.twimg.com/media/GsB-hKuXwAAkOtV.jpg,,vonderleyen,,,
1927620897059344855,1927620897059344855,2025-5-28 9:0:9,1748415609000,https://twitter.com/undefined/status/2024,"Un a√±o despu√©s de reconocer a Palestina como Estado‚Äö el dolor en Gaza es insoportable.    Espa√±a seguir√° alzando la voz‚Äö con m√°s fuerza que nunca‚Äö para terminar con la masacre de la que el mundo es hoy testigo.","undefined","undefined",68740712,,es,no,3963,3171,21884,463,830891,no,,no,,no,,,,,,,,,
1927406760500891942,1927406760500891942,2025-5-27 18:49:15,1748364555000,https://twitter.com/undefined/status/2025,"Un sentido abrazo a la familia y seres queridos de la mujer asesinada en C√°ceres.    Seguiremos trabajando por cada v√≠ctima de esta violencia estructural. Por todas las mujeres‚Äö sus derechos y su libertad.    Solo desde la unidad erradicaremos la #ViolenciaDeG√©nero.    #NiUnaMenos","undefined","undefined",68740712,,es,no,487,796,1734,38,115013,no,,no,,no,,ViolenciaDeG√©nero;NiUnaMenos,,,,,,,
1927369786704429190,1927369786704429190,2025-5-27 16:22:20,1748355740000,https://twitter.com/undefined/status/2026,"RT @desdelamoncloa: El presidente del Gobierno se ha reunido con el CEO de @InnoEnergyEU para analizar sus proyectos e inversiones en Espa√±‚Ä¶","undefined","undefined",68740712,,es,no,175,0,0,0,7,no,,no,,no,,,,,,desdelamoncloa;InnoEnergyEU,,,
1927314993613046054,1927314993613046054,2025-5-27 12:44:36,1748342676000,https://twitter.com/undefined/status/2027,"RT @desdelamoncloa: üî¥EN DIRECTO    Rueda de prensa de la portavoz‚Äö Pilar Alegr√≠a‚Äö y los ministros de @interiorgob‚Äö @MSocialGob e @inclusiongo‚Ä¶","undefined","undefined",68740712,,es,no,134,0,0,0,3,no,,no,,no,,,,,,desdelamoncloa;interiorgob;MSocialGob,,,
1927301269523243126,1927301269523243126,2025-5-27 11:50:4,1748339404000,https://twitter.com/undefined/status/2028,"¬°Qu√© alegr√≠a tenerte de nuevo en el Consejo de Ministros‚Äö querido @avtorresp!    Tu energ√≠a es contagiosa. Seguimos con fuerza e ilusi√≥n. https://t.co/URjXva3GkG","undefined","undefined",68740712,,es,no,685,1111,3099,60,217054,no,,no,,no,,,,https://pbs.twimg.com/media/Gr8mNlyW8AA-dSL.jpg;https://pbs.twimg.com/media/Gr8mPt8XcAAoAWu.jpg,,avtorresp,,,
1926968606429946290,1926968606429946290,2025-5-26 13:48:11,1748260091000,https://twitter.com/undefined/status/2029,"Ponemos en marcha una ayuda directa de 100‚Ç¨ para que los menores de 16 a√±os con problemas de visi√≥n puedan adquirir gafas o lentillas.    Que un ni√±o pueda ver bien la pizarra de su colegio NO puede depender del bolsillo de su familia.    Equidad en salud y mismas oportunidades. https://t.co/HwJ13gfbLI","undefined","undefined",68740712,,es,no,1309,2940,5147,420,554647,no,,no,,no,,,,,https://pbs.twimg.com/media/Gr33nu3WkAA8Kob.jpg,,,,
1926956720024174724,1926956720024174724,2025-5-26 13:0:57,1748257257000,https://twitter.com/undefined/status/2030,"RT @desdelamoncloa: üî¥EN DIRECTO    Intervenci√≥n del presidente del Gobierno‚Äö @sanchezcastejon‚Äö en el acto sobre pol√≠ticas p√∫blicas vinculadas‚Ä¶","undefined","undefined",68740712,,es,no,191,0,0,0,7,no,,no,,no,,,,,,desdelamoncloa;sanchezcastejon,,,
1926206746617430108,1926206746617430108,2025-5-24 11:20:50,1748078450000,https://twitter.com/undefined/status/2031,"Los valores e ideales socialistas son aquellos en los que la gente puede depositar sus esperanzas.    Por eso debemos estar preparados.    Redoblemos nuestros esfuerzos‚Äö compa√±eros y compa√±eras de la @Soc_Intl. Renovemos nuestro entusiasmo.    Luchemos. Seamos fuertes. https://t.co/Whkp8hkvWl","undefined","undefined",68740712,,es,no,1169,2854,4503,200,202862,no,,no,,no,,,,,https://pbs.twimg.com/media/GrtBv1ZXUAAJTY7.jpg,Soc_Intl,,,
1926201027566375213,1926201027566375213,2025-5-24 10:58:6,1748077086000,https://twitter.com/undefined/status/2032,"La situaci√≥n actual en Gaza es inaceptable y no vamos a permanecer callados.    La indiferencia no es una opci√≥n. Ya basta.    Seguiremos alzando nuestra voz contra la flagrante violaci√≥n del derecho internacional y del derecho internacional humanitario. https://t.co/G7r8FuA5WO","undefined","undefined",68740712,,es,no,2008,2210,8058,265,342521,no,,no,,no,,,,,https://pbs.twimg.com/media/Grs8shuXcAAo0FA.jpg,,,,
1926182590169387236,1926182590169387236,2025-5-24 9:44:50,1748072690000,https://twitter.com/undefined/status/2033,"RT @PSOE: üì¢ No te pierdas la intervenci√≥n de @sanchezcastejon en la apertura del Consejo de la @Soc_Intl.    üìå Desde Estambul.  ‚è≤Ô∏è A partir de‚Ä¶","undefined","undefined",68740712,,es,no,141,0,0,0,445,no,,no,,no,,,,,,PSOE;sanchezcastejon;Soc_Intl,,,
1925968981036306749,1925968981036306749,2025-5-23 19:36:2,1748021762000,https://twitter.com/undefined/status/2034,"RT @desdelamoncloa: El presidente @sanchezcastejon se ha reunido en Estambul con el presidente @RTErdogan.    Han abordado la cooperaci√≥n eco‚Ä¶","undefined","undefined",68740712,,es,no,356,0,0,0,191,no,,no,,no,,,,,,desdelamoncloa;sanchezcastejon;RTErdogan,,,
1925620130936946753,1925620130936946753,2025-5-22 20:29:50,1747938590000,https://twitter.com/undefined/status/2035,"Hoy he conocido a Pepito Vicent‚Äö de Catarroja. Sabidur√≠a ciclista‚Äö memoria viva de Fausto Coppi‚Äö manos artesanas que llevan 70 a√±os arreglando bicicletas.    Cuando la DANA arras√≥ su taller‚Äö su historia me conmovi√≥. ¬°Qu√© alegr√≠a verlo recuperar su lugar en el mundo! https://t.co/FJYbWkuXMU","undefined","undefined",68740712,,es,no,1288,1763,6021,121,253096,no,,no,,no,,,,https://pbs.twimg.com/media/GrktQXxWQAEZJya.jpg;https://pbs.twimg.com/media/GrktQwOWIAAPkty.jpg;https://pbs.twimg.com/media/GrktS3JWUAE4hEt.jpg,,,,,
1925573096859119944,1925573096859119944,2025-5-22 17:22:56,1747927376000,https://twitter.com/undefined/status/2036,"Hoy me he reunido en Valencia con las v√≠ctimas de la DANA. He escuchado su dolor‚Äö su fuerza y su dignidad.    Les he transmitido que el Gobierno seguir√° a su lado‚Äö como desde el primer d√≠a.    Nuestro compromiso es firme: justicia‚Äö reparaci√≥n y prevenci√≥n.    No os fallaremos. https://t.co/PMwkMKVlUY","undefined","undefined",68740712,,es,no,1651,3879,6899,405,487750,no,,no,,no,,,,https://pbs.twimg.com/media/GrkChgUWUAAjWF7.jpg,,,,,
1925523722481361363,1925523722481361363,2025-5-22 14:6:44,1747915604000,https://twitter.com/undefined/status/2037,"ITV Ice Makers es m√°s que una empresa: es la historia de una familia que‚Äö tras perderlo todo por la DANA‚Äö hoy vuelve a producir gracias al esfuerzo colectivo y al compromiso de lo p√∫blico.    Reconstruir es esto: no dejar a nadie atr√°s. https://t.co/aximZZBsGL","undefined","undefined",68740712,,es,no,807,1028,2660,78,154505,no,,no,,no,,,,https://pbs.twimg.com/media/GrjVmw9WAAA5H3H.jpg;https://pbs.twimg.com/media/GrjVnG1WcAAYPaF.jpg;https://pbs.twimg.com/media/GrjVncJXwAA0wP0.jpg;https://pbs.twimg.com/media/GrjVnwbWAAAw7HB.jpg,,,,,
1925190200155656477,1925190200155656477,2025-5-21 16:1:26,1747836086000,https://twitter.com/undefined/status/2038,"Gracias Asaari Bibang‚Äö Bass Diop‚Äö Daniel Chong‚Äö Quan Zhou y El Chojin por compartir vuestro talento.    Sois un referente para muchos espa√±oles y espa√±olas que ven en vosotros una Espa√±a multicultural‚Äö moderna y libre.    Feliz D√≠a Mundial de la #DiversidadCultural. https://t.co/49bZ7BlxBJ","undefined","undefined",68740712,,es,no,764,1193,3399,100,101819,no,,no,,no,,DiversidadCultural,,,https://pbs.twimg.com/media/GremLWyWAAArIsl.jpg,,,,
1925097363917451485,1925097363917451485,2025-5-21 9:52:32,1747813952000,https://twitter.com/undefined/status/2039,"Mientras el mundo entero se moviliza contra la barbarie en Gaza‚Äö usted‚Äö Sr. Feij√≥o‚Äö se dedica a hacer chistes sobre Franco.    Menuda talla pol√≠tica. Menuda falta de humanidad. https://t.co/M1lgSKPBe3","undefined","undefined",68740712,,es,no,2987,2322,13151,203,323042,no,,no,,no,,,,,https://pbs.twimg.com/media/GrdP4mraoAAMIae.jpg,,,,
1925094467997991237,1925094467997991237,2025-5-21 9:41:2,1747813262000,https://twitter.com/undefined/status/2040,"Para lo que ha quedado‚Äö Sr. Feij√≥o‚Äö usted que no ven√≠a a insultar y se dedica a difamar a personas honestas.    Usted que se puso al frente del PP para tapar la corrupci√≥n de la Sra. Ayuso.    Salir de Galicia para acabar gobernado desde un √°tico de Chamber√≠. https://t.co/16b3h1wLp5","undefined","undefined",68740712,,es,no,1199,1486,3939,87,144861,no,,no,,no,,,,,https://pbs.twimg.com/media/GrdO7NGasAEhcXG.jpg,,,,
1925084412904927272,1925084412904927272,2025-5-21 9:1:5,1747810865000,https://twitter.com/undefined/status/2041,"RT @desdelamoncloa: El jefe del Ejecutivo‚Äö @sanchezcastejon‚Äö y los miembros del Gobierno‚Äö responden a las preguntas de la Sesi√≥n de Control‚Ä¶","undefined","undefined",68740712,,es,no,106,0,0,0,53,no,,no,,no,,,,,,desdelamoncloa;sanchezcastejon,,,
1924850340953809326,1924850340953809326,2025-5-20 17:30:57,1747755057000,https://twitter.com/undefined/status/2042,""En un jard√≠n te he so√±ado‚Äö alto‚Äö Guiomar‚Äö sobre el r√≠o‚Äö jard√≠n de un tiempo cerrado con hierro fr√≠o."     Desde este jard√≠n‚Äö hoy patrimonio de todos los espa√±oles‚Äö nacieron algunos de los versos m√°s hermosos de nuestra lengua.    Antonio Machado.  Siempre en nuestra memoria. https://t.co/FdtOI9Q1DE","undefined","undefined",68740712,,es,no,1161,1345,4866,84,122877,no,,no,,no,,,,,https://pbs.twimg.com/media/GrZnr_nXAAAhzLE.jpg,,,,
1924794020598821179,1924794020598821179,2025-5-20 13:47:10,1747741630000,https://twitter.com/undefined/status/2043,"La Asamblea Mundial de la Salud aprueba el Tratado de Pandemias.    Un acuerdo hist√≥rico para proteger la salud global‚Äö reforzar el multilateralismo y‚Äö sobre todo‚Äö para salvar vidas.    Porque nadie est√° a salvo si no estamos todos a salvo.","undefined","undefined",68740712,,es,no,626,1151,1749,104,129069,no,,no,,no,,,,,,,,,
1924776195696074813,1924776195696074813,2025-5-20 12:36:20,1747737380000,https://twitter.com/undefined/status/2044,"RT @desdelamoncloa: üî¥EN DIRECTO    Rueda de prensa de la portavoz del Gobierno‚Äö Pilar Alegr√≠a‚Äö y la ministra de @IgualdadGob‚Äö Ana Redondo‚Äö tr‚Ä¶","undefined","undefined",68740712,,es,no,157,0,0,0,23,no,,no,,no,,,,,,desdelamoncloa;IgualdadGob,,,
1924440903994716361,1924440903994716361,2025-5-19 14:24:0,1747657440000,https://twitter.com/undefined/status/2045,"La cultura no es un gasto‚Äö es una inversi√≥n.    No es un lujo‚Äö es una necesidad‚Äö un bien p√∫blico‚Äö un derecho humano.    El derecho a crear‚Äö a imaginar‚Äö a emocionarnos juntos.    Gracias a toda la industria. Estamos con vosotros y con vosotras no solo con palabras‚Äö sino con hechos. https://t.co/pQawFTuCfN","undefined","undefined",68740712,,es,no,1256,1904,5021,111,136927,no,,no,,no,,,,,https://pbs.twimg.com/media/GrT60A3XcAEIOSk.jpg,,,,
1924437051455267179,1924437051455267179,2025-5-19 14:8:42,1747656522000,https://twitter.com/undefined/status/2046,"El compromiso de Espa√±a con los derechos humanos debe ser constante y coherente. Tambi√©n desde Europa.    Si se le exigi√≥ a Rusia no participar en Eurovisi√≥n tras la invasi√≥n de Ucrania‚Äö tampoco deber√≠a hacerlo Israel.    No podemos permitir dobles est√°ndares‚Äö tampoco en la cultura. https://t.co/1G6g2bIE5E","undefined","undefined",68740712,,es,no,5604,3777,28781,872,1014317,no,,no,,no,,,,,https://pbs.twimg.com/media/GrT5INqWkAA0Tza.jpg,,,,
1924418488870842726,1924418488870842726,2025-5-19 12:54:56,1747652096000,https://twitter.com/undefined/status/2047,"RT @desdelamoncloa: üî¥EN DIRECTO    Intervenci√≥n del presidente del Gobierno‚Äö @sanchezcastejon‚Äö en el acto de presentaci√≥n del informe 'Los se‚Ä¶","undefined","undefined",68740712,,es,no,198,0,0,0,14,no,,no,,no,,,,,,desdelamoncloa;sanchezcastejon,,,
1924220309747519891,1924220309747519891,2025-5-18 23:47:26,1747604846000,https://twitter.com/undefined/status/2048,"Enhorabuena‚Äö @LMontenegro_PT‚Äö por tu victoria.    Sigamos trabajando juntos por el futuro de la pen√≠nsula ib√©rica y por una Europa m√°s unida y pr√≥spera.","undefined","undefined",68740712,,es,no,309,588,1581,41,120956,no,,no,,no,,,,,,LMontenegro_PT,,,
1924216491764756891,1924216491764756891,2025-5-18 23:32:16,1747603936000,https://twitter.com/undefined/status/2049,"Enhorabuena a @NicusorDanRO por su victoria electoral en las elecciones presidenciales rumanas.    Gana Ruman√≠a y gana la UE. Pierde la extrema derecha.    Deseando empezar a trabajar juntos en el Consejo Europeo.","undefined","undefined",68740712,,es,no,987,1065,7033,78,349328,no,,no,,no,,,,,,NicusorDanRO,,,
1923810379949318192,1923810379949318192,2025-5-17 20:38:31,1747507111000,https://twitter.com/undefined/status/2050,"Mucho √°nimo y suerte a nuestra diva valiente y poderosa esta noche en #Eurovision2025.    Talento‚Äö fuerza y alegr√≠a representando a Espa√±a en Europa.     ¬°Estamos contigo‚Äö Melody üá™üá∏!","undefined","undefined",68740712,,es,no,2558,2285,26074,286,1317819,no,,no,,no,,Eurovision2025,,,,,,,
1923704823943250106,1923704823943250106,2025-5-17 13:39:5,1747481945000,https://twitter.com/undefined/status/2051,"La espiral de violencia y sufrimiento en Gaza debe terminar.    Le he trasladado al presidente de la Autoridad Palestina‚Äö Mahmoud Abbas‚Äö toda la solidaridad de Espa√±a con el pueblo palestino.    Espa√±a har√° lo que est√© en su mano para poner fin a esta barbarie. https://t.co/WaUbDHmsJK","undefined","undefined",68740712,,es,no,4834,3267,29086,715,11488,no,,no,,no,,,,https://pbs.twimg.com/media/GrJfV8KXcAA6RQH.jpg,,,,,
1923700123399344214,1923700123399344214,2025-5-17 13:20:24,1747480824000,https://twitter.com/undefined/status/2052,"Gracias al primer ministro Al Sudani por invitar a Espa√±a a Bagdad.    Asistimos por primera vez a la Cumbre de la Liga √Årabe por nuestro compromiso con Palestina.    Irak apuesta por la estabilidad de la regi√≥n. Espa√±a estar√° a su lado en la b√∫squeda de paz para Gaza. https://t.co/I6kK76W3BD","undefined","undefined",68740712,,es,no,883,911,4239,109,153800,no,,no,,no,,,,https://pbs.twimg.com/media/GrJaUWpXMAEzEBs.jpg,,,,,
1923685520770568371,1923685520770568371,2025-5-17 12:22:23,1747477343000,https://twitter.com/undefined/status/2053,"Espa√±a y Palestina estamos impulsando un nuevo proyecto de resoluci√≥n en la Asamblea General de @UN.    Vamos a exigir a Israel el fin del bloqueo humanitario a Gaza y el acceso completo y sin restricciones de la asistencia humanitaria.    Trabajemos conjuntamente para alcanzarlo. https://t.co/U5Wu9KUZYa","undefined","undefined",68740712,,es,no,2748,1811,11625,363,715064,no,,no,,no,,,,,https://pbs.twimg.com/media/GrJNVMGWwAE8qAy.jpg,UN,,,
1923672406872166793,1923672406872166793,2025-5-17 11:30:16,1747474216000,https://twitter.com/undefined/status/2054,"RT @desdelamoncloa: üî¥EN DIRECTO    Intervenci√≥n del presidente del Gobierno‚Äö @sanchezcastejon‚Äö en la XXXIV Cumbre de la Liga de Estados √Årabe‚Ä¶","undefined","undefined",68740712,,es,no,340,0,0,0,14,no,,no,,no,,,,,,desdelamoncloa;sanchezcastejon,,,
1923492812894736555,1923492812894736555,2025-5-16 23:36:38,1747431398000,https://twitter.com/undefined/status/2055,"Llego a Irak‚Äö donde ma√±ana participar√© en la cumbre de la Liga de Estados √Årabes‚Äö a la que Espa√±a ha sido invitada por su compromiso claro con el fin de la violencia en Palestina.    Gaza no puede esperar m√°s. La ayuda humanitaria debe entrar en la Franja de manera urgente‚Äö bajo https://t.co/mEktVq4KR4","undefined","undefined",68740712,,es,no,2441,2236,11926,355,652321,no,,no,,no,,,,,https://pbs.twimg.com/media/GrGelRaWYAAM3k8.jpg,,,,
1923429710974890475,1923429710974890475,2025-5-16 19:25:53,1747416353000,https://twitter.com/undefined/status/2056,"RT @desdelamoncloa: El presidente @sanchezcastejon se ha reunido con el primer ministro @SwedishPM‚Äö con quien ha abordado el excelente esta‚Ä¶","undefined","undefined",68740712,,es,no,278,0,0,0,9,no,,no,,no,,,,,,desdelamoncloa;sanchezcastejon;SwedishPM,,,
1923428014819303512,1923428014819303512,2025-5-16 19:19:8,1747415948000,https://twitter.com/undefined/status/2057,"RT @desdelamoncloa: El presidente @sanchezcastejon se ha reunido con la primera ministra de Letonia‚Äö @EvikaSilina.    Han constatado las buen‚Ä¶","undefined","undefined",68740712,,es,no,284,0,0,0,10,no,,no,,no,,,,,,desdelamoncloa;sanchezcastejon;EvikaSilina,,,
1923397344713658700,1923397344713658700,2025-5-16 17:17:16,1747408636000,https://twitter.com/undefined/status/2058,"Una Europa unida‚Äö social‚Äö competitiva‚Äö abierta y conectada es una Europa segura.    Europa debe asumir una mayor responsabilidad sobre su propio futuro.    Una agenda com√∫n de competitividad contribuir√° a la seguridad econ√≥mica europea y viceversa.    Unidos‚Äö lo conseguiremos. https://t.co/9zLaNblncE","undefined","undefined",68740712,,es,no,664,615,2075,35,54788,no,,no,,no,,,,,https://pbs.twimg.com/media/GrFH3FMWsAAlFB8.jpg,,,,
1923382534777266236,1923382534777266236,2025-5-16 16:18:25,1747405105000,https://twitter.com/undefined/status/2059,"Cada vez m√°s l√≠deres alzamos nuestra voz contra lo que est√° sucediendo en Gaza. Los bombardeos contra civiles deben parar de inmediato. La situaci√≥n es insoportable.    Espa√±a trabaja para impulsar una resoluci√≥n en la Asamblea General de @UN y poner fin al bloqueo israel√≠ a Gaza. https://t.co/61SFoEerIm","undefined","undefined",68740712,,es,no,2342,1707,8974,260,301736,no,,no,,no,,,,,https://pbs.twimg.com/media/GrE6s2tXUAAuv2x.jpg,UN,,,
1923369824224161828,1923369824224161828,2025-5-16 15:27:55,1747402075000,https://twitter.com/undefined/status/2060,"Mi solidaridad con Santos Cerd√°n y su familia.    El acoso de ultraderechistas disfrazados de periodistas no tiene cabida en una democracia.    Esto no va de partidos‚Äö va de derechos.    Un abrazo‚Äö @santicl.","undefined","undefined",68740712,,es,no,1248,2392,4521,247,562559,no,,no,,no,,,,,,santicl,,,
1923314976376115551,1923314976376115551,2025-5-16 11:49:58,1747388998000,https://twitter.com/undefined/status/2061,"RT @desdelamoncloa: El presidente @sanchezcastejon se ha reunido con la primera ministra de Islandia‚Äö @KristrunFrosta‚Äö con quien ha abordad‚Ä¶","undefined","undefined",68740712,,es,no,330,0,0,0,10,no,,no,,no,,,,,,desdelamoncloa;sanchezcastejon;KristrunFrosta,,,
1923306315490742533,1923306315490742533,2025-5-16 11:15:33,1747386933000,https://twitter.com/undefined/status/2062,"Comienzo mi jornada en Albania reuni√©ndome con el primer ministro @ediramaal‚Äö que ha revalidado su liderazgo con un programa socialdem√≥crata‚Äö europe√≠sta y de progreso.    Participamos hoy en la Comunidad Pol√≠tica Europea‚Äö en un momento decisivo para la paz y la estabilidad. https://t.co/7Mfx6cIPK8","undefined","undefined",68740712,,es,no,733,697,2887,60,87448,no,,no,,no,,,,,https://pbs.twimg.com/media/GrD0xjtXIAEITMs.jpg,ediramaal,,,
1923129762102350282,1923129762102350282,2025-5-15 23:33:59,1747344839000,https://twitter.com/undefined/status/2063,"¬°Enhorabuena al @FCBarcelona_es!    Felicidades a todos los cul√©s por la gran temporada del equipo y su 28¬∞ t√≠tulo de Liga.","undefined","undefined",68740712,,es,no,1401,1229,15809,218,2323,no,,no,,no,,,,,,FCBarcelona_es,,,
1922740311333237123,1922740311333237123,2025-5-14 21:46:27,1747251987000,https://twitter.com/undefined/status/2064,"He felicitado a @MarkJCarney por su victoria y le he deseado muchos √©xitos.    Canad√° y Espa√±a somos socios y aliados. Compartimos valores s√≥lidos‚Äö y seguiremos trabajando juntos para defenderlos.","undefined","undefined",68740712,,es,no,430,813,1924,42,90107,no,,no,,no,,,,,,MarkJCarney,,,
1922634311938785376,1922634311938785376,2025-5-14 14:45:15,1747226715000,https://twitter.com/undefined/status/2065,"Ojal√°‚Äö por fin‚Äö tengamos noticias de Gurb en Oviedo.    Gracias‚Äö Eduardo Mendoza‚Äö por tu humor y felicidades por el merecido Princesa de Asturias.","undefined","undefined",68740712,,es,no,432,594,1838,30,107720,no,,no,,no,,,,,,,,,
1922625296081035443,1922625296081035443,2025-5-14 14:9:25,1747224565000,https://twitter.com/undefined/status/2066,"RT @desdelamoncloa: El presidente @sanchezcastejon se ha reunido hoy con representantes de la Confederaci√≥n Nacional de Pymes‚Äö @Conpymesorg‚Ä¶","undefined","undefined",68740712,,es,no,295,0,0,0,5,no,,no,,no,,,,,,desdelamoncloa;sanchezcastejon;Conpymesorg,,,
1922601559717728648,1922601559717728648,2025-5-14 12:35:6,1747218906000,https://twitter.com/undefined/status/2067,"¬°Enhorabuena‚Äö familia!    Si viene con la misma energ√≠a que tiene su padre‚Äö os va a dar grandes alegr√≠as.    Un abrazo enorme.‚ù§Ô∏è","undefined","undefined",68740712,,es,no,1166,1706,12635,108,1206,no,,no,,no,,,,,,,,,
1922569379104837798,1922569379104837798,2025-5-14 10:27:14,1747211234000,https://twitter.com/undefined/status/2068,"Por muchas piezas que cambien en este congreso del Partido Popular‚Äö no van a cambiar la pieza que no funciona.    La pieza averiada que es el Sr. Feij√≥o. https://t.co/5nrBqop9jy","undefined","undefined",68740712,,es,no,886,1178,2725,86,75427,no,,no,,no,,,,,https://pbs.twimg.com/media/Gq5WanJWIAE0lje.jpg,,,,
1922562594575184119,1922562594575184119,2025-5-14 10:0:16,1747209616000,https://twitter.com/undefined/status/2069,"Usted compar√≥ el congreso del Partido Popular con el c√≥nclave vaticano.    √Åndese con ojo‚Äö Sr. Feij√≥o‚Äö porque uno entra Papa y sale cardenal. https://t.co/atv5oBL4rC","undefined","undefined",68740712,,es,no,1282,1180,4777,114,204116,no,,no,,no,,,,,https://pbs.twimg.com/media/Gq5QNUxWQAAEsmf.jpg,,,,
1922557984481120676,1922557984481120676,2025-5-14 9:41:57,1747208517000,https://twitter.com/undefined/status/2070,"Pretenden ganar por agotamiento‚Äö pero ya les digo yo que van a perder en 2027 por aburrimiento‚Äö se√±or Feij√≥o.    Llevan siete a√±os con la misma estrategia.    Ustedes en la oposici√≥n‚Äö entretenidos con la casquer√≠a que les dan y este Gobierno mejorando la vida de la gente. https://t.co/e9K5K0bIn4","undefined","undefined",68740712,,es,no,2288,2802,8079,224,395138,no,,no,,no,,,,,https://pbs.twimg.com/media/Gq5MNBNWYAAFukf.jpg,,,,
1922549035073773586,1922549035073773586,2025-5-14 9:6:23,1747206383000,https://twitter.com/undefined/status/2071,"RT @desdelamoncloa: El presidente del Gobierno‚Äö @sanchezcastejon‚Äö y los miembros del Ejecutivo‚Äö responden a las preguntas de la Sesi√≥n de C‚Ä¶","undefined","undefined",68740712,,es,no,95,0,0,0,25,no,,no,,no,,,,,,desdelamoncloa;sanchezcastejon,,,
1922377039689969923,1922377039689969923,2025-5-13 21:42:56,1747165376000,https://twitter.com/undefined/status/2072,"Un mundo mejor. En eso crey√≥‚Äö milit√≥ y vivi√≥ Pepe Mujica.    La pol√≠tica cobra sentido cuando se vive as√≠‚Äö desde el coraz√≥n.     Mi cari√±o m√°s profundo para su familia y para Uruguay.    Eterno‚Äö Mujica.","undefined","undefined",68740712,,es,no,3212,1858,21768,185,575651,no,,no,,no,,,,,,,,,
1922369038488850532,1922369038488850532,2025-5-13 21:11:9,1747163469000,https://twitter.com/undefined/status/2073,"Felicidades‚Äö @ediramaal‚Äö por la contundente victoria del Partido Socialista en las elecciones.    Los albaneses respaldan mayoritariamente los esfuerzos para que Albania se sume a la Uni√≥n Europea.    Enhorabuena.","undefined","undefined",68740712,,es,no,495,564,2097,47,139654,no,,no,,no,,,,,,ediramaal,,,
1922241635229782019,1922241635229782019,2025-5-13 12:44:54,1747133094000,https://twitter.com/undefined/status/2074,"RT @desdelamoncloa: üî¥EN DIRECTO    Rueda de prensa de la portavoz‚Äö Pilar Alegr√≠a‚Äö y el ministro de @M_Presidencia‚Äö F√©lix Bola√±os. https://t.c‚Ä¶","undefined","undefined",68740712,,es,no,146,0,0,0,6,no,,no,,no,,,,,,desdelamoncloa;M_Presidencia,,,
1921895582462885990,1921895582462885990,2025-5-12 13:49:48,1747050588000,https://twitter.com/undefined/status/2075,"He hablado con @LulaOficial sobre los retos globales que afrontamos.    Tambi√©n hemos abordado el Acuerdo UE-Mercosur y la relevancia de su ratificaci√≥n‚Äö as√≠ como la importancia de la pr√≥xima Cumbre CELAC-UE.    Espa√±a y Brasil defendemos m√°s que nunca el multilateralismo.","undefined","undefined",68740712,,es,no,892,2140,4445,142,238846,no,,no,,no,,,,,,LulaOficial,,,
1921644096671605066,1921644096671605066,2025-5-11 21:10:29,1746990629000,https://twitter.com/undefined/status/2076,"Una generaci√≥n de mujeres que est√° cambiando para siempre la historia del atletismo espa√±ol.    Enhorabuena por ese oro del 4x400 y la plata del 4x100. Sois gigantes y un orgullo para Espa√±a.","undefined","undefined",68740712,,es,no,806,1020,4653,47,241132,no,,no,,no,,,,,,,,,
1920815288360006036,1920815288360006036,2025-5-9 14:17:6,1746793026000,https://twitter.com/undefined/status/2077,"Izaskun‚Äö Carlos‚Äö Alba‚Äö Juan y Audra‚Äö ha sido un placer recibiros hoy y charlar sobre como Europa ha cambiado nuestras vidas.    Sois el ejemplo perfecto de que la Uni√≥n Europea no es un ente abstracto‚Äö sino un proyecto vivo‚Äö de paz y unidad que construimos entre¬†todos¬†y¬†todas. https://t.co/ezcQMf7mZj","undefined","undefined",68740712,,es,no,457,940,1435,37,446,no,,no,,no,,,,,https://pbs.twimg.com/media/Gqgbb3SX0AAOtu1.jpg,,,,
1920738102382899336,1920738102382899336,2025-5-9 9:10:23,1746774623000,https://twitter.com/undefined/status/2078,"Hoy celebramos el #D√≠aDeEuropa ensalzando los valores que nos unen: la libertad‚Äö la igualdad‚Äö el Estado de Derecho y el respeto de los derechos humanos.    Pero‚Äö sobre todo‚Äö hoy nos reiteramos en la necesidad de una Europa m√°s fuerte y unida que siga protegiendo a su ciudadan√≠a. https://t.co/5A6BSyg5y5","undefined","undefined",68740712,,es,no,819,1760,2438,253,195169,no,,no,,no,,D√≠aDeEuropa,,https://pbs.twimg.com/media/GqfVHrkWcAA7Y2h.jpg,,,,,
1920529498488897753,1920529498488897753,2025-5-8 19:21:28,1746724888000,https://twitter.com/undefined/status/2079,"Enhorabuena a toda la Iglesia Cat√≥lica por la elecci√≥n del nuevo Papa Le√≥n XIV como @Pontifex_es.    Que su pontificado contribuya a fortalecer el di√°logo y la defensa de los derechos humanos en un mundo que necesita esperanza y unidad.","undefined","undefined",68740712,,es,no,1146,1248,7514,150,409617,no,,no,,no,,,,,,Pontifex_es,,,
1920509287035511236,1920509287035511236,2025-5-8 18:1:10,1746720070000,https://twitter.com/undefined/status/2080,"Fortalecer la dimensi√≥n social de Europa es prioritario. Mejores empleos y educaci√≥n para tener mayor calidad de vida.    Estamos comprometidos con los estudiantes‚Äö los trabajadores y la igualdad.    As√≠ lo he compartido con la vicepresidenta @RoxanaMinzatu en v√≠speras del https://t.co/uSu0IFZa6P","undefined","undefined",68740712,,es,no,593,782,1954,32,79026,no,,no,,no,,,,,https://pbs.twimg.com/ext_tw_video_thumb/1920509220597780480/pu/img/ncBVsZEAKAH9EDAH.jpg,RoxanaMinzatu,,,
1920467093020946626,1920467093020946626,2025-5-8 15:13:30,1746710010000,https://twitter.com/undefined/status/2081,"Cumplimos con nuestro compromiso de proteger a los trabajadores y las empresas de nuestro pa√≠s del impacto de unos aranceles injustos.    Avanzamos.   #Acci√≥nDeGobierno","undefined","undefined",68740712,,es,no,571,740,1633,50,111415,no,,no,,no,,Acci√≥nDeGobierno,,,,,,,
1920390915522261292,1920390915522261292,2025-5-8 10:10:48,1746691848000,https://twitter.com/undefined/status/2082,"He felicitado a @AlboMP por la s√≥lida victoria del Partido Laborista.    Espa√±a y Australia mantenemos una estrecha relaci√≥n basada en valores y principios compartidos.    Seguiremos reforzando nuestra cooperaci√≥n en defensa del multilateralismo.","undefined","undefined",68740712,,es,no,325,414,1238,20,151123,no,,no,,no,,,,,,AlboMP,,,
1920100540404338991,1920100540404338991,2025-5-7 14:56:57,1746622617000,https://twitter.com/undefined/status/2083,"Espa√±a no necesita pol√≠ticos al servicio de los poderosos.    Necesita pol√≠ticos valientes que defiendan el inter√©s general de la gente. https://t.co/s6wcJV0sZP","undefined","undefined",68740712,,es,no,1359,3882,4424,414,253067,no,,no,,no,,,,,https://pbs.twimg.com/media/GqWP3EWXIAAK6zm.jpg,,,,
1920098417105134071,1920098417105134071,2025-5-7 14:48:30,1746622110000,https://twitter.com/undefined/status/2084,"¬øQu√© aporta el PP?    Cada vez que hay una crisis‚Äö usted trata de amplificarla‚Äö se√±or Feij√≥o.    Cuando el pa√≠s necesita‚Äö m√°s que nunca‚Äö una oposici√≥n de Estado‚Äö contin√∫an con la oposici√≥n destructiva que les caracteriza.    Siempre se suman al problema‚Äö nunca a la soluci√≥n. https://t.co/HtMIMdoCsu","undefined","undefined",68740712,,es,no,1250,812,3993,51,66550,no,,no,,no,,,,,https://pbs.twimg.com/media/GqWN_e_WIAAltn2.jpg,,,,
1920096271236260132,1920096271236260132,2025-5-7 14:39:59,1746621599000,https://twitter.com/undefined/status/2085,"Perm√≠tame un consejo‚Äö Sr. Feij√≥o: a base de anunciar apocalipsis que nunca llegan‚Äö usted no llegar√° a ser presidente del Gobierno.    Seguir√° sin serlo‚Äö no porque no quiera sino porque no sabe. https://t.co/okzjDggtI9","undefined","undefined",68740712,,es,no,1565,994,5765,82,118367,no,,no,,no,,,,,https://pbs.twimg.com/media/GqWNIyGWMAEK1Xm.jpg,,,,
1920048206051692590,1920048206051692590,2025-5-7 11:28:59,1746610139000,https://twitter.com/undefined/status/2086,"Nuestro objetivo con el Plan Industrial y Tecnol√≥gico para la Seguridad y la Defensa es protegernos.    Modernizar nuestras Fuerzas Armadas con capacidades de disuasi√≥n y seguridad.    Para que Espa√±a y Europa contin√∫en adelante con su proyecto de derechos‚Äö libertades y democracia. https://t.co/OmUJbAk2l4","undefined","undefined",68740712,,es,no,439,580,1100,38,45945,no,,no,,no,,,,,https://pbs.twimg.com/media/GqVe3odXkAAbAdm.jpg,,,,
1920042168082706881,1920042168082706881,2025-5-7 11:5:0,1746608700000,https://twitter.com/undefined/status/2087,"Cuando llegamos al Gobierno‚Äö nuestro pa√≠s ten√≠a un modelo energ√©tico obsoleto e injusto.    Descansaba en el consumo de hidrocarburos que nos costaban 42.500 M‚Ç¨ cada a√±o.    El doble de lo que gastamos en prestaciones por desempleo y ocho veces m√°s de lo que gastamos en educaci√≥n. https://t.co/L7dzBpXGNd","undefined","undefined",68740712,,es,no,898,1119,2411,105,155432,no,,no,,no,,,,,https://pbs.twimg.com/media/GqVcDXaWQAE7T4k.jpg,,,,
1920036974557040831,1920036974557040831,2025-5-7 10:44:21,1746607461000,https://twitter.com/undefined/status/2088,"Las renovables no son solo el futuro‚Äö son nuestra √∫nica y mejor opci√≥n.    El futuro energ√©tico de Espa√±a‚Äö o es verde o no ser√°. https://t.co/PVYqG0dWNe","undefined","undefined",68740712,,es,no,925,2457,3094,275,177681,no,,no,,no,,,,,https://pbs.twimg.com/media/GqVXZX3WoAARjgA.jpg,,,,
1920028680060817533,1920028680060817533,2025-5-7 10:11:24,1746605484000,https://twitter.com/undefined/status/2089,"Los t√©cnicos necesitar√°n tiempo de investigaci√≥n y an√°lisis.    Mientras‚Äö los que acusan al Gobierno de no dar a√∫n con la causa del apag√≥n han vendido su esp√≠ritu cr√≠tico a un buen pagador.    Desconf√≠en de quienes les dicen que esto va de renovables contra nucleares. No es as√≠. https://t.co/YTpPtyUwrp","undefined","undefined",68740712,,es,no,620,738,1723,65,62054,no,,no,,no,,,,,https://pbs.twimg.com/media/GqVPn5WWAAAbi5E.jpg,,,,
1920024447047655695,1920024447047655695,2025-5-7 9:54:35,1746604475000,https://twitter.com/undefined/status/2090,"Estoy convencido de que muy pocas sociedades hubieran respondido mejor que la nuestra a esta situaci√≥n.    Espa√±a es un pa√≠s extraordinario.    Gracias al conjunto de la ciudadan√≠a‚Äö a los empresarios‚Äö trajajadores y servidores p√∫blicos que‚Äö una vez m√°s‚Äö dieron lo mejor de s√≠ mismos. https://t.co/ZsefcNlura","undefined","undefined",68740712,,es,no,1146,1081,3838,111,91535,no,,no,,no,,,,,https://pbs.twimg.com/media/GqVL5brXwAA0xSu.jpg,,,,
1920011674473341234,1920011674473341234,2025-5-7 9:3:49,1746601429000,https://twitter.com/undefined/status/2091,"RT @desdelamoncloa: üî¥EN DIRECTO    Comparecencia a petici√≥n propia del presidente del Gobierno‚Äö @sanchezcastejon‚Äö en el @Congreso_Es. https:/‚Ä¶","undefined","undefined",68740712,,es,no,206,0,0,0,3,no,,no,,no,,,,,,desdelamoncloa;sanchezcastejon;Congreso_Es,,,
1919778169264963699,1919778169264963699,2025-5-6 17:35:57,1746545757000,https://twitter.com/undefined/status/2092,"Felicidades‚Äö @_FriedrichMerz‚Äö por tu elecci√≥n como nuevo canciller alem√°n.    Alemania y Espa√±a siempre han demostrado su compromiso con el proyecto europeo‚Äö con intereses y objetivos compartidos.    Sigamos trabajando por una Europa unida y fuerte.","undefined","undefined",68740712,,es,no,481,714,2214,39,172939,no,,no,,no,,,,,,_FriedrichMerz,,,
1919707738713514473,1919707738713514473,2025-5-6 12:56:6,1746528966000,https://twitter.com/undefined/status/2093,"RT @desdelamoncloa: üî¥EN DIRECTO    Rueda de prensa de la portavoz Pilar Alegr√≠a‚Äö la vicepresidenta segunda y ministra de @empleogob‚Äö Yolanda‚Ä¶","undefined","undefined",68740712,,es,no,156,0,0,0,3,no,,no,,no,,,,,,desdelamoncloa;empleogob,,,
1919652416569356532,1919652416569356532,2025-5-6 9:16:16,1746515776000,https://twitter.com/undefined/status/2094,"Nuevo m√°ximo hist√≥rico de empleo en abril. Con un r√©cord tambi√©n de mujeres afiliadas.    El paro se sit√∫a en la cifra m√°s baja desde julio de 2008. Cae en todas las autonom√≠as y todos los sectores‚Äö especialmente entre los j√≥venes.    Seguimos avanzando. Espa√±a funciona.","undefined","undefined",68740712,,es,no,1560,1600,5350,155,535747,no,,no,,no,,,,,,,,,
1919448267814769103,1919448267814769103,2025-5-5 19:45:3,1746467103000,https://twitter.com/undefined/status/2095,"Le deseo la mejor suerte a nuestra diva en la pr√≥xima edici√≥n de #Eurovision2025.    Gracias‚Äö Melody‚Äö por tu entrega‚Äö tu talento y tu trabajo.     ¬°A triunfar el pr√≥ximo 17 de mayo en Basilea en representaci√≥n de Espa√±a! https://t.co/kb5jeVJLu7","undefined","undefined",68740712,,es,no,1548,1181,10593,638,1966123,no,,no,,no,,Eurovision2025,,,https://pbs.twimg.com/media/GqM_7pTXMAEImqM.jpg,,,,
1919417983610261631,1919417983610261631,2025-5-5 17:44:43,1746459883000,https://twitter.com/undefined/status/2096,"Me he reunido con la Directora Ejecutiva de @UNICEF‚Äö Catherine Russell‚Äö a quien he trasladado el firme apoyo de Espa√±a en un momento en el que nuestro sistema multilateral se encuentra bajo gran presi√≥n.    Ante retos globales‚Äö respuestas conjuntas: m√°s y mejor multilateralismo. https://t.co/vgvdUNlErF","undefined","undefined",68740712,,es,no,541,633,1862,47,60696,no,,no,,no,,,,,https://pbs.twimg.com/media/GqMo49SXcAATkLL.jpg,UNICEF,,,
1919361305527353784,1919361305527353784,2025-5-5 13:59:29,1746446369000,https://twitter.com/undefined/status/2097,"La implementaci√≥n de pol√≠ticas nacionales y europeas de vivienda es una prioridad para el Gobierno y‚Äö en esta tarea‚Äö las ciudades juegan un papel clave.    Hoy me he reunido con los alcaldes de Roma‚Äö Par√≠s y Barcelona‚Äö miembros de la alianza 'European Mayors for Housing'‚Äö con un https://t.co/vzzTrDTvrQ","undefined","undefined",68740712,,es,no,666,676,2143,60,92722,no,,no,,no,,,,,https://pbs.twimg.com/media/GqLw_suWMAAoMys.jpg,,,,
1919334119965708716,1919334119965708716,2025-5-5 12:11:28,1746439888000,https://twitter.com/undefined/status/2098,"Catalunya‚Äö Espa√±a y Europa tienen razones de sobra para creer en sus fortalezas.    Somos el mayor espacio de prosperidad‚Äö democracia‚Äö libertad‚Äö bienestar y seguridad del mundo.     Tomemos las riendas de nuestro destino y pasemos de las palabras a los hechos. El tiempo apremia. https://t.co/PCxeT4Q3Zt","undefined","undefined",68740712,,es,no,654,1991,2225,171,150405,no,,no,,no,,,,,https://pbs.twimg.com/media/GqLW_EYWQAAanz_.jpg,,,,
1919331096547959235,1919331096547959235,2025-5-5 11:59:27,1746439167000,https://twitter.com/undefined/status/2099,"Ma√±ana llevaremos al Consejo de Ministros la reducci√≥n de la jornada laboral‚Äö una demanda social que mejorar√° la productividad y la estabilidad.    Pido a la patronal su apoyo.    Apostemos por el capital humano y la innovaci√≥n‚Äö no por los precios bajos y las jornadas extenuantes. https://t.co/OQ4LCbuEK0","undefined","undefined",68740712,,es,no,1301,1587,4885,164,252864,no,,no,,no,,,,,https://pbs.twimg.com/media/GqLUqRpWgAAUxcg.jpg,,,,
1919327875443913135,1919327875443913135,2025-5-5 11:46:39,1746438399000,https://twitter.com/undefined/status/2100,"El Gobierno de Espa√±a ha sido el primero en aprobar un paquete de ayudas dotado con 14.100 M‚Ç¨ ante la crisis arancelaria.    Pido a los grupos parlamentarios que convaliden este Plan de Respuesta. Que den la cara por su pa√≠s‚Äö por sus empresas y trabajadores. https://t.co/4tflKP2gUQ","undefined","undefined",68740712,,es,no,859,735,2332,61,76329,no,,no,,no,,,,,https://pbs.twimg.com/media/GqLSBlsWQAA-byN.jpg,,,,
1919311216356253898,1919311216356253898,2025-5-5 10:40:27,1746434427000,https://twitter.com/undefined/status/2101,"RT @desdelamoncloa: üî¥EN DIRECTO    Inauguraci√≥n de la 40¬™ Reuni√≥n Anual del Cercle d'Economia del presidente del Gobierno‚Äö @sanchezcastejon.‚Ä¶","undefined","undefined",68740712,,es,no,163,0,0,0,2,no,,no,,no,,,,,,desdelamoncloa;sanchezcastejon,,,
1918648087863550385,1918648087863550385,2025-5-3 14:45:25,1746276325000,https://twitter.com/undefined/status/2102,"Enhorabuena @AlboMP y al Partido Laborista por vuestra clara victoria en las elecciones de hoy. Te deseo el mayor √©xito en este nuevo mandato.    Australia y Espa√±a seguiremos trabajando juntos por la justicia social y en defensa de nuestros valores comunes.","undefined","undefined",68740712,,es,no,774,1107,3432,72,136784,no,,no,,no,,,,,,AlboMP,,,
1918211928050094367,1918211928050094367,2025-5-2 9:52:16,1746172336000,https://twitter.com/undefined/status/2103,"146 a√±os de lucha‚Äö de conquistas sociales y de orgullo colectivo.     El @PSOE ha sido el motor de cambio y progreso en Espa√±a y lo seguir√° siendo.     Con la fuerza de nuestra historia‚Äö seguimos construyendo el futuro.     ¬°Felicidades‚Äö compa√±eros y compa√±eras!üåπ  #146AniversarioPSOE https://t.co/MqTBrUUZww","undefined","undefined",68740712,,es,no,1506,2705,5114,253,227564,no,,no,,no,,146AniversarioPSOE,,,https://pbs.twimg.com/media/Gp7bUozXwAEOFFP.jpg,PSOE,,,
1918201054011027584,1918201054011027584,2025-5-2 9:9:4,1746169744000,https://twitter.com/undefined/status/2104,"Hoy‚Äö #2demayo‚Äö recordamos el coraje del pueblo madrile√±o en defensa de la libertad. Una historia que nos inspira y une.    Mi reconocimiento a todos los madrile√±os y madrile√±as que construyen cada d√≠a una regi√≥n abierta‚Äö solidaria y din√°mica.    ¬°Feliz d√≠a de la Comunidad de Madrid! https://t.co/nRqgbEGB26","undefined","undefined",68740712,,es,no,950,1415,4621,119,235215,no,,no,,no,,2demayo,,https://pbs.twimg.com/media/Gp7RsXvWMAAjVgY.jpg,,,,,
1917918220423516522,1917918220423516522,2025-5-1 14:25:11,1746102311000,https://twitter.com/undefined/status/2105,"Todos los amantes de la @SEFutbol te echaremos de menos.     Un abrazo a familiares y amigos.     Hasta siempre‚Äö Manolo.","undefined","undefined",68740712,,es,no,561,1067,8359,85,732026,no,,no,,no,,,,,,SEFutbol,,,
1917836737432220063,1917836737432220063,2025-5-1 9:1:24,1746082884000,https://twitter.com/undefined/status/2106,"Hoy celebramos el #1DeMayo con orgullo socialista. Porque defender el trabajo digno‚Äö la igualdad y los derechos sociales ha sido siempre nuestra bandera.    Apostamos por un pa√≠s m√°s justo y sostenible.    ¬°Feliz d√≠a de las trabajadoras y trabajadores!  https://t.co/0ELuUS4Sjd https://t.co/RDCeL7Gmdj","undefined","undefined",68740712,,es,no,1692,2662,6742,255,509,no,,no,,no,,1DeMayo,,,https://pbs.twimg.com/media/Gp1-9keWwAAs97U.jpg,,,,
1917542180983370064,1917542180983370064,2025-4-30 13:30:56,1746012656000,https://twitter.com/undefined/status/2107,"RT @desdelamoncloa: üî¥EN DIRECTO    Rueda de prensa de la portavoz del Gobierno‚Äö Pilar Alegr√≠a‚Äö la vicepresidenta y ministra de @mitecogob‚Äö Sa‚Ä¶","undefined","undefined",68740712,,es,no,170,0,0,0,2,no,,no,,no,,,,,,desdelamoncloa;mitecogob,,,
1917272358827475381,1917272358827475381,2025-4-29 19:38:46,1745948326000,https://twitter.com/undefined/status/2108,"He mantenido una reuni√≥n de urgencia con los operadores privados del sector el√©ctrico. Les he agradecido su labor en la pronta recuperaci√≥n del suministro‚Äö y les he pedido que colaboren con el Gobierno y los organismos independientes para identificar las causas del incidente. https://t.co/IMVzJYcsnQ","undefined","undefined",68740712,,es,no,1502,3689,7157,369,804886,no,,no,,no,,,,https://pbs.twimg.com/media/GpuELIjX0AAKKTY.jpg,,,,,
1917196175947505967,1917196175947505967,2025-4-29 14:36:2,1745930162000,https://twitter.com/undefined/status/2109,"Quiero reconocer y agradecer la extraordinaria labor de nuestros servidores p√∫blicos de todas las Administraciones.     Cumplieron con creces con su deber.     Y para ello‚Äö contaron con la complicidad de una gran sociedad que volvi√≥ a demostrar madurez‚Äö responsabilidad y civismo. https://t.co/J3Xf1aQvwz","undefined","undefined",68740712,,es,no,1731,1589,8386,111,257022,no,,no,,no,,,,,https://pbs.twimg.com/media/Gps_t8JWEAAc67Z.jpg,,,,
1917189932059123909,1917189932059123909,2025-4-29 14:11:14,1745928674000,https://twitter.com/undefined/status/2110,"Nuestras prioridades son claras:    - Consolidar el restablecimiento de nuestro sistema el√©ctrico al 100%.    - Descubrir qu√© ha pasado.    Adoptaremos las medidas necesarias para que no vuelva a pasar y exigiremos las responsabilidades pertinentes a los operadores privados. https://t.co/hjiZF0yYiW","undefined","undefined",68740712,,es,no,1176,2413,5124,250,449588,no,,no,,no,,,,,https://pbs.twimg.com/media/Gps56SAXAAAb9Or.jpg,,,,
1917182392248275144,1917182392248275144,2025-4-29 13:41:16,1745926876000,https://twitter.com/undefined/status/2111,"Espa√±a ha superado ya lo peor de la crisis y va camino firme de recuperar la plena normalidad.    El sistema ha reaccionado con agilidad. Los actores p√∫blicos y privados han actuado con eficacia. Y la coordinaci√≥n entre Administraciones ha sido buena y leal. https://t.co/M0GiF0kiNO","undefined","undefined",68740712,,es,no,1140,1740,5378,155,435752,no,,no,,no,,,,,https://pbs.twimg.com/media/Gpsu7EiXAAA8wVL.jpg,,,,
1917169883818954898,1917169883818954898,2025-4-29 12:51:34,1745923894000,https://twitter.com/undefined/status/2112,"RT @desdelamoncloa: üî¥EN DIRECTO    Rueda de prensa del presidente del Gobierno‚Äö @sanchezcastejon‚Äö tras la reuni√≥n extraordinaria del Consejo‚Ä¶","undefined","undefined",68740712,,es,no,270,0,0,0,3,no,,no,,no,,,,,,desdelamoncloa;sanchezcastejon,,,
1917106832033894614,1917106832033894614,2025-4-29 8:41:1,1745908861000,https://twitter.com/undefined/status/2113,"Tras una noche intensa‚Äö se ha logrado restablecer el 99‚Äö95% de demanda energ√©tica atendida y el 100% de las subestaciones de la red de transportes est√°n repuestas.    En unos minutos volveremos a reunirnos en el Consejo de Seguridad Nacional para analizar la situaci√≥n actual.","undefined","undefined",68740712,,es,no,3293,3657,28361,611,2256744,no,,no,,no,,,,,,,,,
1916993809893802134,1916993809893802134,2025-4-29 1:11:54,1745881914000,https://twitter.com/undefined/status/2114,"Esta noche he acudido de nuevo a la sede central de Red El√©ctrica.    Ser√° una noche larga. Estamos trabajando sin descanso para restablecer el suministro.    Gracias a todos los trabajadores que est√°n volcados en recuperar la normalidad. https://t.co/bXP9o0uGL5","undefined","undefined",68740712,,es,no,1677,2849,11433,385,2257309,no,,no,,no,,,,,https://pbs.twimg.com/media/GpqHEO9XYAE7wqK.jpg,,,,
1916979835882102948,1916979835882102948,2025-4-29 0:16:23,1745878583000,https://twitter.com/undefined/status/2115,"Casi el 50% del suministro nacional se ha restablecido.    Los ciudadanos deben saber que todos los recursos del Estado est√°n siendo movilizados para recuperar la normalidad del suministro cuanto antes.    Se va a trabajar a destajo‚Äö durante toda la noche. Con profesionalidad y https://t.co/kxp1RjpSjG","undefined","undefined",68740712,,es,no,1089,1341,6335,154,680756,no,,no,,no,,,,,https://pbs.twimg.com/media/GppzDplXQAAG5WW.jpg,,,,
1916958442964635910,1916958442964635910,2025-4-28 22:51:22,1745873482000,https://twitter.com/undefined/status/2116,"RT @desdelamoncloa: üî¥EN DIRECTO    Comparecencia del presidente del Gobierno‚Äö @sanchezcastejon. https://t.co/85ypt0KASw","undefined","undefined",68740712,,es,no,317,0,0,0,1,no,,no,,no,,,,,,desdelamoncloa;sanchezcastejon,,,
1916903068492275989,1916903068492275989,2025-4-28 19:11:20,1745860280000,https://twitter.com/undefined/status/2117,"Red El√©ctrica est√° trabajando para determinar las causas de esta ca√≠da del suministro el√©ctrico y solucionar el problema lo antes posible.    Espa√±a cuenta con mecanismos para afrontar este tipo de situaciones.    Una vez m√°s‚Äö apelo a la ciudadan√≠a para colaborar con todas las https://t.co/0RHbEWpHt7","undefined","undefined",68740712,,es,no,1579,3572,9412,401,1929684,no,,no,,no,,,,,https://pbs.twimg.com/media/Gpo36jhWkAAjFbV.jpg,,,,
1916904976732848279,1916903068492275989,2025-4-28 19:18:55,1745860735000,https://twitter.com/undefined/status/2118,"Todav√≠a no tenemos informaci√≥n concluyente sobre los motivos de este corte.    Pido a la ciudadan√≠a‚Äö al igual que hemos hecho en crisis pasadas‚Äö que se informen por los canales oficiales. Es mejor no especular.    Ahora debemos centrarnos en lo m√°s importante‚Äö que es devolver la","undefined","undefined",68740712,,es,no,593,690,3193,101,356694,no,,no,,yes,sanchezcastejon,,,,,,,,
1916885276896493666,1916885276896493666,2025-4-28 18:0:38,1745856038000,https://twitter.com/undefined/status/2119,"RT @desdelamoncloa: üî¥EN DIRECTO    Comparecencia del presidente del Gobierno @sanchezcastejon. https://t.co/Zu1TMoYTOc","undefined","undefined",68740712,,es,no,329,0,0,0,4,no,,no,,no,,,,,,desdelamoncloa;sanchezcastejon,,,
1916794561772265788,1916794561772265788,2025-4-28 12:0:10,1745834410000,https://twitter.com/undefined/status/2120,"Todo mi cari√±o para la familia y amigos de la mujer asesinada en La Rioja v√≠ctima de la #ViolenciaMachista.    Reiteramos nuestra condena y rechazo ante cada asesinato. Hago un nuevo llamamiento a la unidad y firmeza para acabar con esta violencia estructural.   #NiUnaMenos","undefined","undefined",68740712,,es,no,282,959,1777,92,1003416,no,,no,,no,,ViolenciaMachista;NiUnaMenos,,,,,,,
1916585094107562117,1916585094107562117,2025-4-27 22:7:49,1745784469000,https://twitter.com/undefined/status/2121,"Profundamente consternado por el tr√°gico atropello masivo durante el festival de la comunidad filipino-canadiense en Vancouver‚Äö que ha dejado numerosas v√≠ctimas mortales y heridos.    Mis m√°s sentidas condolencias a las v√≠ctimas y familiares en este momento de dolor.","undefined","undefined",68740712,,es,no,552,1018,3681,44,727558,no,,no,,no,,,,,,,,,
1916266112607727687,1916266112607727687,2025-4-27 1:0:18,1745708418000,https://twitter.com/undefined/status/2122,"Final el√©ctrica de la #CopadelRey. De las que hacen afici√≥n.    Enhorabuena al @FCBarcelona_es y a todos los cul√©s.","undefined","undefined",68740712,,es,no,2145,2157,16905,2617,9563899,no,,no,,no,,CopadelRey,,,,FCBarcelona_es,,,
1915845563980865880,1915845563980865880,2025-4-25 21:9:11,1745608151000,https://twitter.com/undefined/status/2123,"Frente a la violencia y el odio‚Äö responderemos con memoria‚Äö respeto y justicia.    El PSOE seguir√° reivindicando el derecho a recordar y honrar a quienes lucharon por la democracia. Un abrazo a los compa√±eros y compa√±eras del @PSOECantabria.","undefined","undefined",68740712,,es,no,1152,1486,3970,76,241521,no,,no,,no,,,,,,PSOECantabria,,,
1915717043178942753,1915717043178942753,2025-4-25 12:38:30,1745577510000,https://twitter.com/undefined/status/2124,"Toda mi solidaridad y cari√±o para la familia de la mujer asesinada en Huelva.     Un nuevo caso de #ViolenciaMachista que debe hacernos reaccionar a todos‚Äö desde todas las instituciones‚Äö desde las aulas‚Äö en el trabajo o en nuestro barrio: PAREMOS esta violencia estructural.","undefined","undefined",68740712,,es,no,481,850,1668,54,129452,no,,no,,no,,ViolenciaMachista,,,,,,,
1915447907513225310,1915447907513225310,2025-4-24 18:49:3,1745513343000,https://twitter.com/undefined/status/2125,"RT @desdelamoncloa: El presidente @sanchezcastejon ha participado esta tarde en la reuni√≥n del Consejo de Seguridad Nacional‚Äö presidida por‚Ä¶","undefined","undefined",68740712,,es,no,255,0,0,0,1,no,,no,,no,,,,,,desdelamoncloa;sanchezcastejon,,,
1915356550429811028,1915356550429811028,2025-4-24 12:46:1,1745491561000,https://twitter.com/undefined/status/2126,"Lanzamos el PERTE de la Industrializaci√≥n de la Vivienda con una inversi√≥n p√∫blica de 1.300 M‚Ç¨ en 10 a√±os.    Una herramienta fundamental para situar a Espa√±a a la vanguardia. Tenemos las empresas y la ambici√≥n.    Construiremos m√°s y mejor vivienda‚Äö m√°s r√°pido y m√°s asequible. https://t.co/6cW6YKG3dI","undefined","undefined",68740712,,es,no,918,2277,2465,253,310771,no,,no,,no,,,,,https://pbs.twimg.com/media/GpS1vSFXQAAiGZI.jpg,,,,
1915340561373921452,1915340561373921452,2025-4-24 11:42:29,1745487749000,https://twitter.com/undefined/status/2127,"RT @desdelamoncloa: üî¥EN DIRECTO    Intervenci√≥n del presidente @sanchezcastejon en el acto ‚ÄúHacia una construcci√≥n industrializada‚Äù. https://‚Ä¶","undefined","undefined",68740712,,es,no,186,0,0,0,3,no,,no,,no,,,,,,desdelamoncloa;sanchezcastejon,,,
1915050308981625191,1915050308981625191,2025-4-23 16:29:8,1745418548000,https://twitter.com/undefined/status/2128,"RT @desdelamoncloa: El presidente @sanchezcastejon llama a actuar contra el cambio clim√°tico con responsabilidad y determinaci√≥n durante la‚Ä¶","undefined","undefined",68740712,,es,no,321,0,0,0,4,no,,no,,no,,,,,,desdelamoncloa;sanchezcastejon,,,
1914939008993370506,1914939008993370506,2025-4-23 9:6:52,1745392012000,https://twitter.com/undefined/status/2129,"Feliz 23 de abril a todos los lectores y lectoras.    Tambi√©n a los que escriben‚Äö a las librer√≠as y a todo el sector del libro.    Hoy celebramos juntos la literatura‚Äö las historias y la palabra.    Feliz #D√≠adelLibro.  Y bona Diada de Sant Jordi a tothom! üåπ https://t.co/SISYnf2L4u","undefined","undefined",68740712,,es,no,710,1124,2871,97,133161,no,,no,,no,,D√≠adelLibro,,https://pbs.twimg.com/media/GpM64YDWAAEO-HF.jpg,,,,,
1914931051152973867,1914931051152973867,2025-4-23 8:35:14,1745390114000,https://twitter.com/undefined/status/2130,"Castilla y Le√≥n es una tierra plural‚Äö llena de historia‚Äö rica en cultura y patrimonio que desea seguir avanzando.    Estamos a vuestro lado por un futuro lleno de oportunidades.    Feliz #D√≠aDeCastillaYLe√≥n. https://t.co/J7DK1cMNO0","undefined","undefined",68740712,,es,no,329,465,1012,55,176,no,,no,,no,,D√≠aDeCastillaYLe√≥n,,https://pbs.twimg.com/media/GpMzo5vW4AAhNHJ.jpg,,,,,
1914929940266471879,1914929940266471879,2025-4-23 8:30:50,1745389850000,https://twitter.com/undefined/status/2131,"Arag√≥n celebra hoy su d√≠a. Una jornada donde mostrar orgullo del pasado y presente y determinaci√≥n para alcanzar un futuro de prosperidad.    Tenacidad‚Äö solidaridad y rasmia os sobran.    Feliz d√≠a‚Äö aragoneses y aragonesas.  ¬°Feliz #SanJorge! https://t.co/Tez0f7NZnR","undefined","undefined",68740712,,es,no,282,268,981,24,44907,no,,no,,no,,SanJorge,,https://pbs.twimg.com/media/GpMyoL8WIAAW7aR.jpg,,,,,
1914770211947135206,1914770211947135206,2025-4-22 21:56:7,1745351767000,https://twitter.com/undefined/status/2132,"Espa√±a tiene una econom√≠a saneada y din√°mica.    La principal meta del Gobierno de Espa√±a siempre ha sido‚Äö y seguir√° siendo‚Äö hacer que los espa√±oles y las espa√±olas vivan mejor.    Crear riqueza y repartirla.    ¬°Seguimos!  https://t.co/GX4rHLvP6s","undefined","undefined",68740712,,es,no,1229,2599,4104,244,238,no,,no,,no,,,,,,,,,
1914642116019421263,1914642116019421263,2025-4-22 13:27:7,1745321227000,https://twitter.com/undefined/status/2133,"Nuestro objetivo es modernizar las capacidades de seguridad y disuasi√≥n de Espa√±a y Europa con una perspectiva integral de 360¬∫.    Nosotros NO elegimos esta coyuntura internacional.    Pero S√≠ elegimos c√≥mo afrontarla. Con inteligencia estrat√©gica‚Äö justicia social y lealtad. https://t.co/901R37fIiM","undefined","undefined",68740712,,es,no,672,1043,1924,105,93794,no,,no,,no,,,,,https://pbs.twimg.com/media/GpIo46eWoAAvQOH.jpg,,,,
1914638777588322743,1914638777588322743,2025-4-22 13:13:51,1745320431000,https://twitter.com/undefined/status/2134,"Aprobamos hoy el Plan Industrial y Tecnol√≥gico para la Seguridad y la Defensa.    Espa√±a cumplir√° con el 2% del PIB de su presupuesto en Seguridad y Defensa en 2025.    Un esfuerzo importante que llevaremos a cabo sin subir impuestos ni tocar la inversi√≥n en el Estado del bienestar. https://t.co/gVHmMYM9xQ","undefined","undefined",68740712,,es,no,605,988,1701,222,244305,no,,no,,no,,,,,https://pbs.twimg.com/media/GpIpy-hWwAAj2_8.jpg,,,,
1914620736343286226,1914620736343286226,2025-4-22 12:2:10,1745316130000,https://twitter.com/undefined/status/2135,"RT @desdelamoncloa: üî¥EN DIRECTO    Comparecencia del presidente del Gobierno‚Äö @sanchezcastejon‚Äö tras el Consejo de Ministros y Ministras. htt‚Ä¶","undefined","undefined",68740712,,es,no,174,0,0,0,1,no,,no,,no,,,,,,desdelamoncloa;sanchezcastejon,,,